Designator,Mid X (mm),Mid Y (mm),"Rotation (deg, CCW)",Layer,Mount,Value,Footprint
C1,25.200,39.000,270,Top,SMD,10uF 50V X7R,C_1210_3225Metric
C2,29.000,39.000,0,Top,THT,47uF 35V,CP_Radial_D6.3mm_P2.50mm
C3,32.500,50.050,270,Top,SMD,10uF 16V X5R,C_0805_2012Metric
C4,36.300,46.800,0,Top,SMD,1uF 16V X7R,C_0603_1608Metric
C5,39.800,46.600,0,Top,SMD,10uF 10V X5R,C_0805_2012Metric
C6,25.400,23.500,270,Top,SMD,100nF,C_0603_1608Metric
C7,36.200,35.100,90,Top,SMD,100nF,C_0603_1608Metric
C8,47.600,32.400,90,Top,SMD,100nF,C_0603_1608Metric
C9,45.200,20.600,90,Top,SMD,100nF,C_0603_1608Metric
C10,48.000,36.000,0,Top,SMD,4.7uF 10V X5R,C_0805_2012Metric
C11,34.400,35.100,90,Top,SMD,100nF,C_0603_1608Metric
C12,36.400,17.400,0,Top,SMD,1uF 16V X7R,C_0603_1608Metric
C13,39.200,20.300,90,Top,SMD,100nF,C_0603_1608Metric
C14,41.000,20.300,90,Top,SMD,100nF,C_0603_1608Metric
C15,18.000,18.000,0,Top,SMD,100nF,C_0603_1608Metric
C16,27.000,30.450,180,Top,SMD,15pF C0G,C_0603_1608Metric
C17,31.350,25.600,270,Top,SMD,15pF C0G,C_0603_1608Metric
C18,26.000,16.400,0,Top,SMD,100nF,C_0603_1608Metric
C19,56.200,24.800,0,Top,SMD,100nF,C_0603_1608Metric
C20,60.400,24.800,0,Top,SMD,100nF,C_0603_1608Metric
C21,56.200,22.600,0,Top,SMD,4.7uF 16V X5R,C_0805_2012Metric
C22,64.270,13.100,0,Top,SMD,4.7nF 50V,C_0603_1608Metric
C23,43.600,39.200,90,Top,SMD,100nF,C_0603_1608Metric
C24,38.800,42.400,0,Top,SMD,100nF,C_0603_1608Metric
D1,16.500,36.000,270,Top,SMD,SMBJ18A,D_SMB
D2,20.000,42.000,180,Top,SMD,SS34,D_SMA
D3,36.000,56.000,180,Top,SMD,GREEN PWR,LED_0603_1608Metric
D4,49.000,9.400,90,Top,SMD,GREEN STATUS,LED_0603_1608Metric
D5,51.500,9.400,90,Top,SMD,RED FAULT,LED_0603_1608Metric
D6,54.000,9.400,90,Top,SMD,YELLOW CAN-TX,LED_0603_1608Metric
D7,56.500,9.400,90,Top,SMD,ORANGE CAN-RX,LED_0603_1608Metric
D8,66.000,39.000,180,Top,SMD,PESD1CAN,SOT-23
F1,12.500,42.000,0,Top,SMD,PTC 0.5A/30V,Fuse_1812_4532Metric
FB1,36.400,19.400,0,Top,SMD,600R@100MHz,L_0603_1608Metric
J1,5.000,42.000,90,Top,THT,PWR_IN 8-18V,TerminalBlock_1x02_P5.08mm_Horizontal
J2,75.300,47.100,270,Top,THT,CAN,TerminalBlock_1x03_P5.08mm_Horizontal
J3,75.300,30.635,270,Top,THT,CAN,TerminalBlock_1x03_P5.08mm_Horizontal
J4,43.000,56.000,90,Top,THT,SWD,PinHeader_1x06_P2.54mm_Vertical
J5,30.000,3.000,90,Top,THT,EXPANSION,PinHeader_2x05_P2.54mm_Vertical
JP2,63.000,18.800,0,Top,THT,CAN_TERM,PinHeader_2x02_P2.54mm_Vertical
R1,32.800,56.000,0,Top,SMD,1k5,R_0603_1608Metric
R2,23.000,28.000,270,Top,SMD,100k 1%,R_0603_1608Metric
R3,23.000,23.500,270,Top,SMD,15k 1%,R_0603_1608Metric
R4,35.400,41.200,0,Top,SMD,10k,R_0603_1608Metric
R5,26.000,18.000,0,Top,SMD,10k,R_0603_1608Metric
R6,49.000,13.400,270,Top,SMD,680R,R_0603_1608Metric
R7,51.500,13.400,270,Top,SMD,680R,R_0603_1608Metric
R8,54.000,13.400,270,Top,SMD,680R,R_0603_1608Metric
R9,56.500,13.400,270,Top,SMD,680R,R_0603_1608Metric
R10,61.300,34.600,180,Top,SMD,10k,R_0603_1608Metric
R11,63.000,22.400,270,Top,SMD,60R4 1%,R_0805_2012Metric
R12,65.540,22.400,270,Top,SMD,60R4 1%,R_0805_2012Metric
R13,44.000,43.400,0,Top,SMD,4k7,R_0603_1608Metric
R14,44.000,45.400,0,Top,SMD,4k7,R_0603_1608Metric
SW1,9.000,14.000,0,Top,THT,RESET,SW_PUSH_6mm
SW2,19.500,14.000,0,Top,THT,USER,SW_PUSH_6mm
U1,22.000,51.000,0,Top,THT,R-78E5.0-0.5,Converter_DCDC_RECOM_R-78E-0.5_THT
U2,37.500,50.000,0,Top,SMD,AP2112K-3.3,SOT-23-5
U3,40.000,28.000,0,Top,SMD,STM32G431CBT6,LQFP-48_7x7mm_P0.5mm
U4,58.000,30.000,0,Top,SMD,TJA1051T/3,SOIC-8_3.9x4.9mm_P1.27mm
U5,40.000,39.375,0,Top,SMD,LSM6DS3TR-C,LGA-14_3x2.5mm_P0.5mm_LayoutBorder3x4y
Y1,30.500,29.350,90,Top,SMD,8MHz CL12pF,Crystal_SMD_3225-4Pin_3.2x2.5mm
